-- MySQL dump 10.13  Distrib 8.0.39, for Linux (x86_64)
--
-- Host: localhost    Database: SchoolDB
-- ------------------------------------------------------
-- Server version	8.0.39-0ubuntu0.22.04.1

/*!40101 SET @OLD_CHARACTER_SET_CLIENT=@@CHARACTER_SET_CLIENT */;
/*!40101 SET @OLD_CHARACTER_SET_RESULTS=@@CHARACTER_SET_RESULTS */;
/*!40101 SET @OLD_COLLATION_CONNECTION=@@COLLATION_CONNECTION */;
/*!50503 SET NAMES utf8mb4 */;
/*!40103 SET @OLD_TIME_ZONE=@@TIME_ZONE */;
/*!40103 SET TIME_ZONE='+00:00' */;
/*!40014 SET @OLD_UNIQUE_CHECKS=@@UNIQUE_CHECKS, UNIQUE_CHECKS=0 */;
/*!40014 SET @OLD_FOREIGN_KEY_CHECKS=@@FOREIGN_KEY_CHECKS, FOREIGN_KEY_CHECKS=0 */;
/*!40101 SET @OLD_SQL_MODE=@@SQL_MODE, SQL_MODE='NO_AUTO_VALUE_ON_ZERO' */;
/*!40111 SET @OLD_SQL_NOTES=@@SQL_NOTES, SQL_NOTES=0 */;

--
-- Table structure for table `Children`
--

CREATE DATABASE IF NOT EXISTS SchoolDB;
USE SchoolDB;


DROP TABLE IF EXISTS `Children`;
/*!40101 SET @saved_cs_client     = @@character_set_client */;
/*!50503 SET character_set_client = utf8mb4 */;
CREATE TABLE `Children` (
  `child_id` int NOT NULL AUTO_INCREMENT,
  `first_name` varchar(255) NOT NULL,
  `last_name` varchar(255) NOT NULL,
  `birth_date` date NOT NULL,
  `year_of_entry` year NOT NULL,
  `age` int NOT NULL,
  `institution_id` int DEFAULT NULL,
  `class_id` int DEFAULT NULL,
  PRIMARY KEY (`child_id`),
  KEY `institution_id` (`institution_id`),
  KEY `class_id` (`class_id`),
  CONSTRAINT `Children_ibfk_1` FOREIGN KEY (`institution_id`) REFERENCES `Institutions` (`institution_id`) ON DELETE CASCADE,
  CONSTRAINT `Children_ibfk_2` FOREIGN KEY (`class_id`) REFERENCES `Classes` (`class_id`) ON DELETE CASCADE
) ENGINE=InnoDB AUTO_INCREMENT=6 DEFAULT CHARSET=utf8mb4 COLLATE=utf8mb4_0900_ai_ci;
/*!40101 SET character_set_client = @saved_cs_client */;

--
-- Dumping data for table `Children`
--

LOCK TABLES `Children` WRITE;
/*!40000 ALTER TABLE `Children` DISABLE KEYS */;
INSERT INTO `Children` VALUES (1,'Ivan','Lybistok','2018-05-01',2024,6,1,1),(2,'Sasha','Grey','2017-03-12',2023,7,3,2),(3,'Mark','Gavryluk','2016-09-15',2022,8,5,5),(4,'Lesyk','Ivasyk','2020-05-01',2024,4,2,3),(5,'Yaroslav','Halushka','2019-03-12',2023,5,4,4);
/*!40000 ALTER TABLE `Children` ENABLE KEYS */;
UNLOCK TABLES;

--
-- Table structure for table `Classes`
--

DROP TABLE IF EXISTS `Classes`;
/*!40101 SET @saved_cs_client     = @@character_set_client */;
/*!50503 SET character_set_client = utf8mb4 */;
CREATE TABLE `Classes` (
  `class_id` int NOT NULL AUTO_INCREMENT,
  `class_name` varchar(255) NOT NULL,
  `institution_id` int DEFAULT NULL,
  `direction` enum('Mathematics','Biology and Chemistry','Language Studies') NOT NULL,
  PRIMARY KEY (`class_id`),
  KEY `institution_id` (`institution_id`),
  CONSTRAINT `Classes_ibfk_1` FOREIGN KEY (`institution_id`) REFERENCES `Institutions` (`institution_id`) ON DELETE CASCADE
) ENGINE=InnoDB AUTO_INCREMENT=6 DEFAULT CHARSET=utf8mb4 COLLATE=utf8mb4_0900_ai_ci;
/*!40101 SET character_set_client = @saved_cs_client */;

--
-- Dumping data for table `Classes`
--

LOCK TABLES `Classes` WRITE;
/*!40000 ALTER TABLE `Classes` DISABLE KEYS */;
INSERT INTO `Classes` VALUES (1,'1A',1,'Mathematics'),(2,'2A',3,'Mathematics'),(3,'Preschool',2,'Language Studies'),(4,'Preschool',4,'Language Studies'),(5,'3B',5,'Biology and Chemistry');
/*!40000 ALTER TABLE `Classes` ENABLE KEYS */;
UNLOCK TABLES;

--
-- Table structure for table `Institutions`
--

DROP TABLE IF EXISTS `Institutions`;
/*!40101 SET @saved_cs_client     = @@character_set_client */;
/*!50503 SET character_set_client = utf8mb4 */;
CREATE TABLE `Institutions` (
  `institution_id` int NOT NULL AUTO_INCREMENT,
  `institution_name` varchar(255) NOT NULL,
  `institution_type` enum('School','Kindergarten') NOT NULL,
  `address` varchar(255) NOT NULL,
  PRIMARY KEY (`institution_id`)
) ENGINE=InnoDB AUTO_INCREMENT=6 DEFAULT CHARSET=utf8mb4 COLLATE=utf8mb4_0900_ai_ci;
/*!40101 SET character_set_client = @saved_cs_client */;

--
-- Dumping data for table `Institutions`
--

LOCK TABLES `Institutions` WRITE;
/*!40000 ALTER TABLE `Institutions` DISABLE KEYS */;
INSERT INTO `Institutions` VALUES (1,'School#1','School','Shevchenka 1'),(2,'Kindergarten #1','Kindergarten','Shevchenka 2'),(3,'School#2','School','Soborna 24'),(4,'Kindergarten #2','Kindergarten','Soborna 20'),(5,'School#3','School','Vesny 24');
/*!40000 ALTER TABLE `Institutions` ENABLE KEYS */;
UNLOCK TABLES;

--
-- Table structure for table `Parents`
--

DROP TABLE IF EXISTS `Parents`;
/*!40101 SET @saved_cs_client     = @@character_set_client */;
/*!50503 SET character_set_client = utf8mb4 */;
CREATE TABLE `Parents` (
  `parent_id` int NOT NULL AUTO_INCREMENT,
  `first_name` varchar(255) NOT NULL,
  `last_name` varchar(255) NOT NULL,
  `child_id` int DEFAULT NULL,
  `tuition_fee` decimal(10,2) NOT NULL,
  PRIMARY KEY (`parent_id`),
  KEY `child_id` (`child_id`),
  CONSTRAINT `Parents_ibfk_1` FOREIGN KEY (`child_id`) REFERENCES `Children` (`child_id`) ON DELETE CASCADE
) ENGINE=InnoDB AUTO_INCREMENT=6 DEFAULT CHARSET=utf8mb4 COLLATE=utf8mb4_0900_ai_ci;
/*!40101 SET character_set_client = @saved_cs_client */;

--
-- Dumping data for table `Parents`
--

LOCK TABLES `Parents` WRITE;
/*!40000 ALTER TABLE `Parents` DISABLE KEYS */;
INSERT INTO `Parents` VALUES (1,'Petro','Lybistok',1,200.00),(2,'Dasha','Grey',2,200.00),(3,'Sophia','Gavryluk',3,200.00),(4,'Vitaliy','Ivasyk',4,100.00),(5,'Yuriy','Halushka',5,100.00);
/*!40000 ALTER TABLE `Parents` ENABLE KEYS */;
UNLOCK TABLES;
/*!40103 SET TIME_ZONE=@OLD_TIME_ZONE */;

/*!40101 SET SQL_MODE=@OLD_SQL_MODE */;
/*!40014 SET FOREIGN_KEY_CHECKS=@OLD_FOREIGN_KEY_CHECKS */;
/*!40014 SET UNIQUE_CHECKS=@OLD_UNIQUE_CHECKS */;
/*!40101 SET CHARACTER_SET_CLIENT=@OLD_CHARACTER_SET_CLIENT */;
/*!40101 SET CHARACTER_SET_RESULTS=@OLD_CHARACTER_SET_RESULTS */;
/*!40101 SET COLLATION_CONNECTION=@OLD_COLLATION_CONNECTION */;
/*!40111 SET SQL_NOTES=@OLD_SQL_NOTES */;

-- Dump completed on 2024-10-26 17:16:25
